,item_id,brand_nm,unit_prc,itemyr,season,scat,ranseq,lcat,size,color,item_id_detcode
0,ES2000501,Esteeme,155000,2018,AS,재킷,107,여성캐주얼,95,navy,101
1,ES2000502,Esteeme,155000,2018,AS,재킷,107,여성캐주얼,95,light grey,102
2,ES2000503,Esteeme,155000,2018,AS,재킷,107,여성캐주얼,100,navy,103
3,ES2000504,Esteeme,155000,2018,AS,재킷,107,여성캐주얼,100,light grey,104
4,ES2000505,Esteeme,155000,2018,AS,재킷,107,여성캐주얼,105,navy,105
5,ES2000506,Esteeme,155000,2018,AS,재킷,107,여성캐주얼,105,light grey,106
6,ES2000601,Esteeme,90000,2018,FW,바지,60,여성캐주얼,66,grey,101
7,ES2000602,Esteeme,90000,2018,FW,바지,60,여성캐주얼,66,black,102
8,ES2000603,Esteeme,90000,2018,FW,바지,60,여성캐주얼,66,navy,103
9,ES2000604,Esteeme,90000,2018,FW,바지,60,여성캐주얼,77,grey,104
10,ES2000605,Esteeme,90000,2018,FW,바지,60,여성캐주얼,77,black,105
11,ES2000606,Esteeme,90000,2018,FW,바지,60,여성캐주얼,77,navy,106
12,ES2000607,Esteeme,90000,2018,FW,바지,60,여성캐주얼,88,grey,107
13,ES2000608,Esteeme,90000,2018,FW,바지,60,여성캐주얼,88,black,108
14,ES2000609,Esteeme,90000,2018,FW,바지,60,여성캐주얼,88,navy,109
15,ES2000701,Esteeme,100000,2018,SS,바지,63,여성캐주얼,66,grey,101
16,ES2000702,Esteeme,100000,2018,SS,바지,63,여성캐주얼,66,black,102
17,ES2000703,Esteeme,100000,2018,SS,바지,63,여성캐주얼,66,navy,103
18,ES2000704,Esteeme,100000,2018,SS,바지,63,여성캐주얼,77,grey,104
19,ES2000705,Esteeme,100000,2018,SS,바지,63,여성캐주얼,77,black,105
20,ES2000706,Esteeme,100000,2018,SS,바지,63,여성캐주얼,77,navy,106
21,ES2000707,Esteeme,100000,2018,SS,바지,63,여성캐주얼,88,grey,107
22,ES2000708,Esteeme,100000,2018,SS,바지,63,여성캐주얼,88,black,108
23,ES2000709,Esteeme,100000,2018,SS,바지,63,여성캐주얼,88,navy,109
24,ES2000801,Esteeme,100000,2018,AS,셔츠,64,여성캐주얼,90,white,101
25,ES2000802,Esteeme,100000,2018,AS,셔츠,64,여성캐주얼,90,blue,102
26,ES2000803,Esteeme,100000,2018,AS,셔츠,64,여성캐주얼,90,pink,103
27,ES2000804,Esteeme,100000,2018,AS,셔츠,64,여성캐주얼,95,white,104
28,ES2000805,Esteeme,100000,2018,AS,셔츠,64,여성캐주얼,95,blue,105
29,ES2000806,Esteeme,100000,2018,AS,셔츠,64,여성캐주얼,95,pink,106
30,ES2000807,Esteeme,100000,2018,AS,셔츠,64,여성캐주얼,100,white,107
31,ES2000808,Esteeme,100000,2018,AS,셔츠,64,여성캐주얼,100,blue,108
32,ES2000809,Esteeme,100000,2018,AS,셔츠,64,여성캐주얼,100,pink,109
33,ES2000901,Esteeme,90000,2018,FW,바지,59,여성캐주얼,66,grey,101
34,ES2000902,Esteeme,90000,2018,FW,바지,59,여성캐주얼,66,black,102
35,ES2000903,Esteeme,90000,2018,FW,바지,59,여성캐주얼,66,navy,103
36,ES2000904,Esteeme,90000,2018,FW,바지,59,여성캐주얼,77,grey,104
37,ES2000905,Esteeme,90000,2018,FW,바지,59,여성캐주얼,77,black,105
38,ES2000906,Esteeme,90000,2018,FW,바지,59,여성캐주얼,77,navy,106
39,ES2000907,Esteeme,90000,2018,FW,바지,59,여성캐주얼,88,grey,107
40,ES2000908,Esteeme,90000,2018,FW,바지,59,여성캐주얼,88,black,108
41,ES2000909,Esteeme,90000,2018,FW,바지,59,여성캐주얼,88,navy,109
42,ES2001001,Esteeme,130000,2018,FW,셔츠,97,여성캐주얼,90,white,101
43,ES2001002,Esteeme,130000,2018,FW,셔츠,97,여성캐주얼,90,blue,102
44,ES2001003,Esteeme,130000,2018,FW,셔츠,97,여성캐주얼,90,pink,103
45,ES2001004,Esteeme,130000,2018,FW,셔츠,97,여성캐주얼,95,white,104
46,ES2001005,Esteeme,130000,2018,FW,셔츠,97,여성캐주얼,95,blue,105
47,ES2001006,Esteeme,130000,2018,FW,셔츠,97,여성캐주얼,95,pink,106
48,ES2001007,Esteeme,130000,2018,FW,셔츠,97,여성캐주얼,100,white,107
49,ES2001008,Esteeme,130000,2018,FW,셔츠,97,여성캐주얼,100,blue,108
50,ES2001009,Esteeme,130000,2018,FW,셔츠,97,여성캐주얼,100,pink,109
51,ES2001101,Esteeme,65000,2018,AS,바지,27,여성캐주얼,66,grey,101
52,ES2001102,Esteeme,65000,2018,AS,바지,27,여성캐주얼,66,black,102
53,ES2001103,Esteeme,65000,2018,AS,바지,27,여성캐주얼,66,navy,103
54,ES2001104,Esteeme,65000,2018,AS,바지,27,여성캐주얼,77,grey,104
55,ES2001105,Esteeme,65000,2018,AS,바지,27,여성캐주얼,77,black,105
56,ES2001106,Esteeme,65000,2018,AS,바지,27,여성캐주얼,77,navy,106
57,ES2001107,Esteeme,65000,2018,AS,바지,27,여성캐주얼,88,grey,107
58,ES2001108,Esteeme,65000,2018,AS,바지,27,여성캐주얼,88,black,108
59,ES2001109,Esteeme,65000,2018,AS,바지,27,여성캐주얼,88,navy,109
60,ES2001201,Esteeme,100000,2018,FW,셔츠,88,여성캐주얼,90,white,101
61,ES2001202,Esteeme,100000,2018,FW,셔츠,88,여성캐주얼,90,blue,102
62,ES2001203,Esteeme,100000,2018,FW,셔츠,88,여성캐주얼,90,pink,103
63,ES2001204,Esteeme,100000,2018,FW,셔츠,88,여성캐주얼,95,white,104
64,ES2001205,Esteeme,100000,2018,FW,셔츠,88,여성캐주얼,95,blue,105
65,ES2001206,Esteeme,100000,2018,FW,셔츠,88,여성캐주얼,95,pink,106
66,ES2001207,Esteeme,100000,2018,FW,셔츠,88,여성캐주얼,100,white,107
67,ES2001208,Esteeme,100000,2018,FW,셔츠,88,여성캐주얼,100,blue,108
68,ES2001209,Esteeme,100000,2018,FW,셔츠,88,여성캐주얼,100,pink,109
69,ES2001301,Esteeme,130000,2018,SS,재킷,95,여성캐주얼,95,navy,101
70,ES2001302,Esteeme,130000,2018,SS,재킷,95,여성캐주얼,95,light grey,102
71,ES2001303,Esteeme,130000,2018,SS,재킷,95,여성캐주얼,100,navy,103
72,ES2001304,Esteeme,130000,2018,SS,재킷,95,여성캐주얼,100,light grey,104
73,ES2001305,Esteeme,130000,2018,SS,재킷,95,여성캐주얼,105,navy,105
74,ES2001306,Esteeme,130000,2018,SS,재킷,95,여성캐주얼,105,light grey,106
75,ES2001401,Esteeme,130000,2018,FW,바지,92,여성캐주얼,66,grey,101
76,ES2001402,Esteeme,130000,2018,FW,바지,92,여성캐주얼,66,black,102
77,ES2001403,Esteeme,130000,2018,FW,바지,92,여성캐주얼,66,navy,103
78,ES2001404,Esteeme,130000,2018,FW,바지,92,여성캐주얼,77,grey,104
79,ES2001405,Esteeme,130000,2018,FW,바지,92,여성캐주얼,77,black,105
80,ES2001406,Esteeme,130000,2018,FW,바지,92,여성캐주얼,77,navy,106
81,ES2001407,Esteeme,130000,2018,FW,바지,92,여성캐주얼,88,grey,107
82,ES2001408,Esteeme,130000,2018,FW,바지,92,여성캐주얼,88,black,108
83,ES2001409,Esteeme,130000,2018,FW,바지,92,여성캐주얼,88,navy,109
84,SH1000301,Shoote,60000,2018,AS,바지,18,여성캐주얼,66,grey,101
85,SH1000302,Shoote,60000,2018,AS,바지,18,여성캐주얼,66,black,102
86,SH1000303,Shoote,60000,2018,AS,바지,18,여성캐주얼,66,navy,103
87,SH1000304,Shoote,60000,2018,AS,바지,18,여성캐주얼,77,grey,104
88,SH1000305,Shoote,60000,2018,AS,바지,18,여성캐주얼,77,black,105
89,SH1000306,Shoote,60000,2018,AS,바지,18,여성캐주얼,77,navy,106
90,SH1000307,Shoote,60000,2018,AS,바지,18,여성캐주얼,88,grey,107
91,SH1000308,Shoote,60000,2018,AS,바지,18,여성캐주얼,88,black,108
92,SH1000309,Shoote,60000,2018,AS,바지,18,여성캐주얼,88,navy,109
93,SH1000401,Shoote,60000,2018,FW,바지,11,남성캐주얼,80,grey,101
94,SH1000402,Shoote,60000,2018,FW,바지,11,남성캐주얼,80,khaki,102
95,SH1000403,Shoote,60000,2018,FW,바지,11,남성캐주얼,80,navy,103
96,SH1000404,Shoote,60000,2018,FW,바지,11,남성캐주얼,90,grey,104
97,SH1000405,Shoote,60000,2018,FW,바지,11,남성캐주얼,90,khaki,105
98,SH1000406,Shoote,60000,2018,FW,바지,11,남성캐주얼,90,navy,106
99,SH1000501,Shoote,230000,2018,FW,코트,122,코트,90,black,101
100,SH1000502,Shoote,230000,2018,FW,코트,122,코트,90,navy,102
101,SH1000503,Shoote,230000,2018,FW,코트,122,코트,95,black,103
102,SH1000504,Shoote,230000,2018,FW,코트,122,코트,95,navy,104
103,SH1000601,Shoote,35000,2018,FW,셔츠,7,여성캐주얼,90,white,101
104,SH1000602,Shoote,35000,2018,FW,셔츠,7,여성캐주얼,90,blue,102
105,SH1000603,Shoote,35000,2018,FW,셔츠,7,여성캐주얼,90,pink,103
106,SH1000604,Shoote,35000,2018,FW,셔츠,7,여성캐주얼,95,white,104
107,SH1000605,Shoote,35000,2018,FW,셔츠,7,여성캐주얼,95,blue,105
108,SH1000606,Shoote,35000,2018,FW,셔츠,7,여성캐주얼,95,pink,106
109,SH1000607,Shoote,35000,2018,FW,셔츠,7,여성캐주얼,100,white,107
110,SH1000608,Shoote,35000,2018,FW,셔츠,7,여성캐주얼,100,blue,108
111,SH1000609,Shoote,35000,2018,FW,셔츠,7,여성캐주얼,100,pink,109
112,SH1000701,Shoote,60000,2018,AS,바지,20,여성캐주얼,66,grey,101
113,SH1000702,Shoote,60000,2018,AS,바지,20,여성캐주얼,66,black,102
114,SH1000703,Shoote,60000,2018,AS,바지,20,여성캐주얼,66,navy,103
115,SH1000704,Shoote,60000,2018,AS,바지,20,여성캐주얼,77,grey,104
116,SH1000705,Shoote,60000,2018,AS,바지,20,여성캐주얼,77,black,105
117,SH1000706,Shoote,60000,2018,AS,바지,20,여성캐주얼,77,navy,106
118,SH1000707,Shoote,60000,2018,AS,바지,20,여성캐주얼,88,grey,107
119,SH1000708,Shoote,60000,2018,AS,바지,20,여성캐주얼,88,black,108
120,SH1000709,Shoote,60000,2018,AS,바지,20,여성캐주얼,88,navy,109
121,SH1000801,Shoote,100000,2018,FW,바지,71,남성캐주얼,80,grey,101
122,SH1000802,Shoote,100000,2018,FW,바지,71,남성캐주얼,80,khaki,102
123,SH1000803,Shoote,100000,2018,FW,바지,71,남성캐주얼,80,navy,103
124,SH1000804,Shoote,100000,2018,FW,바지,71,남성캐주얼,90,grey,104
125,SH1000805,Shoote,100000,2018,FW,바지,71,남성캐주얼,90,khaki,105
126,SH1000806,Shoote,100000,2018,FW,바지,71,남성캐주얼,90,navy,106
127,SH1000901,Shoote,250000,2018,FW,재킷,125,여성캐주얼,95,navy,101
128,SH1000902,Shoote,250000,2018,FW,재킷,125,여성캐주얼,95,light grey,102
129,SH1000903,Shoote,250000,2018,FW,재킷,125,여성캐주얼,100,navy,103
130,SH1000904,Shoote,250000,2018,FW,재킷,125,여성캐주얼,100,light grey,104
131,SH1000905,Shoote,250000,2018,FW,재킷,125,여성캐주얼,105,navy,105
132,SH1000906,Shoote,250000,2018,FW,재킷,125,여성캐주얼,105,light grey,106
133,SH1001001,Shoote,70000,2018,SS,치마,53,여성캐주얼,66,grey,101
134,SH1001002,Shoote,70000,2018,SS,치마,53,여성캐주얼,66,black,102
135,SH1001003,Shoote,70000,2018,SS,치마,53,여성캐주얼,77,grey,103
136,SH1001004,Shoote,70000,2018,SS,치마,53,여성캐주얼,77,black,104
137,SH1001005,Shoote,70000,2018,SS,치마,53,여성캐주얼,88,grey,105
138,SH1001006,Shoote,70000,2018,SS,치마,53,여성캐주얼,88,black,106
139,SH1001101,Shoote,35000,2018,FW,셔츠,4,여성캐주얼,90,white,101
140,SH1001102,Shoote,35000,2018,FW,셔츠,4,여성캐주얼,90,blue,102
141,SH1001103,Shoote,35000,2018,FW,셔츠,4,여성캐주얼,90,pink,103
142,SH1001104,Shoote,35000,2018,FW,셔츠,4,여성캐주얼,95,white,104
143,SH1001105,Shoote,35000,2018,FW,셔츠,4,여성캐주얼,95,blue,105
144,SH1001106,Shoote,35000,2018,FW,셔츠,4,여성캐주얼,95,pink,106
145,SH1001107,Shoote,35000,2018,FW,셔츠,4,여성캐주얼,100,white,107
146,SH1001108,Shoote,35000,2018,FW,셔츠,4,여성캐주얼,100,blue,108
147,SH1001109,Shoote,35000,2018,FW,셔츠,4,여성캐주얼,100,pink,109
148,SH1001201,Shoote,70000,2018,SS,셔츠,52,여성캐주얼,90,white,101
149,SH1001202,Shoote,70000,2018,SS,셔츠,52,여성캐주얼,90,blue,102
150,SH1001203,Shoote,70000,2018,SS,셔츠,52,여성캐주얼,90,pink,103
151,SH1001204,Shoote,70000,2018,SS,셔츠,52,여성캐주얼,95,white,104
152,SH1001205,Shoote,70000,2018,SS,셔츠,52,여성캐주얼,95,blue,105
153,SH1001206,Shoote,70000,2018,SS,셔츠,52,여성캐주얼,95,pink,106
154,SH1001207,Shoote,70000,2018,SS,셔츠,52,여성캐주얼,100,white,107
155,SH1001208,Shoote,70000,2018,SS,셔츠,52,여성캐주얼,100,blue,108
156,SH1001209,Shoote,70000,2018,SS,셔츠,52,여성캐주얼,100,pink,109
157,SH1001301,Shoote,35000,2018,FW,바지,3,여성캐주얼,66,grey,101
158,SH1001302,Shoote,35000,2018,FW,바지,3,여성캐주얼,66,black,102
159,SH1001303,Shoote,35000,2018,FW,바지,3,여성캐주얼,66,navy,103
160,SH1001304,Shoote,35000,2018,FW,바지,3,여성캐주얼,77,grey,104
161,SH1001305,Shoote,35000,2018,FW,바지,3,여성캐주얼,77,black,105
162,SH1001306,Shoote,35000,2018,FW,바지,3,여성캐주얼,77,navy,106
163,SH1001307,Shoote,35000,2018,FW,바지,3,여성캐주얼,88,grey,107
164,SH1001308,Shoote,35000,2018,FW,바지,3,여성캐주얼,88,black,108
165,SH1001309,Shoote,35000,2018,FW,바지,3,여성캐주얼,88,navy,109
166,SH1001401,Shoote,70000,2018,FW,치마,45,여성캐주얼,66,grey,101
167,SH1001402,Shoote,70000,2018,FW,치마,45,여성캐주얼,66,black,102
168,SH1001403,Shoote,70000,2018,FW,치마,45,여성캐주얼,77,grey,103
169,SH1001404,Shoote,70000,2018,FW,치마,45,여성캐주얼,77,black,104
170,SH1001405,Shoote,70000,2018,FW,치마,45,여성캐주얼,88,grey,105
171,SH1001406,Shoote,70000,2018,FW,치마,45,여성캐주얼,88,black,106
172,SH1001501,Shoote,70000,2018,FW,셔츠,25,남성캐주얼,95,white,101
173,SH1001502,Shoote,70000,2018,FW,셔츠,25,남성캐주얼,95,blue,102
174,SH1001503,Shoote,70000,2018,FW,셔츠,25,남성캐주얼,95,check,103
175,SH1001504,Shoote,70000,2018,FW,셔츠,25,남성캐주얼,105,white,104
176,SH1001505,Shoote,70000,2018,FW,셔츠,25,남성캐주얼,105,blue,105
177,SH1001506,Shoote,70000,2018,FW,셔츠,25,남성캐주얼,105,check,106
178,SH1001601,Shoote,100000,2018,SS,바지,72,여성캐주얼,66,grey,101
179,SH1001602,Shoote,100000,2018,SS,바지,72,여성캐주얼,66,black,102
180,SH1001603,Shoote,100000,2018,SS,바지,72,여성캐주얼,66,navy,103
181,SH1001604,Shoote,100000,2018,SS,바지,72,여성캐주얼,77,grey,104
182,SH1001605,Shoote,100000,2018,SS,바지,72,여성캐주얼,77,black,105
183,SH1001606,Shoote,100000,2018,SS,바지,72,여성캐주얼,77,navy,106
184,SH1001607,Shoote,100000,2018,SS,바지,72,여성캐주얼,88,grey,107
185,SH1001608,Shoote,100000,2018,SS,바지,72,여성캐주얼,88,black,108
186,SH1001609,Shoote,100000,2018,SS,바지,72,여성캐주얼,88,navy,109
187,SH1001701,Shoote,70000,2018,SS,바지,50,여성캐주얼,66,grey,101
188,SH1001702,Shoote,70000,2018,SS,바지,50,여성캐주얼,66,black,102
189,SH1001703,Shoote,70000,2018,SS,바지,50,여성캐주얼,66,navy,103
190,SH1001704,Shoote,70000,2018,SS,바지,50,여성캐주얼,77,grey,104
191,SH1001705,Shoote,70000,2018,SS,바지,50,여성캐주얼,77,black,105
192,SH1001706,Shoote,70000,2018,SS,바지,50,여성캐주얼,77,navy,106
193,SH1001707,Shoote,70000,2018,SS,바지,50,여성캐주얼,88,grey,107
194,SH1001708,Shoote,70000,2018,SS,바지,50,여성캐주얼,88,black,108
195,SH1001709,Shoote,70000,2018,SS,바지,50,여성캐주얼,88,navy,109
196,SH1001801,Shoote,250000,2018,FW,코트,124,코트,90,black,101
197,SH1001802,Shoote,250000,2018,FW,코트,124,코트,90,navy,102
198,SH1001803,Shoote,250000,2018,FW,코트,124,코트,95,black,103
199,SH1001804,Shoote,250000,2018,FW,코트,124,코트,95,navy,104
200,SH1001901,Shoote,180000,2018,AS,재킷,112,여성캐주얼,95,navy,101
201,SH1001902,Shoote,180000,2018,AS,재킷,112,여성캐주얼,95,light grey,102
202,SH1001903,Shoote,180000,2018,AS,재킷,112,여성캐주얼,100,navy,103
203,SH1001904,Shoote,180000,2018,AS,재킷,112,여성캐주얼,100,light grey,104
204,SH1001905,Shoote,180000,2018,AS,재킷,112,여성캐주얼,105,navy,105
205,SH1001906,Shoote,180000,2018,AS,재킷,112,여성캐주얼,105,light grey,106
206,SH1002001,Shoote,70000,2018,SS,셔츠,19,남성캐주얼,95,white,101
207,SH1002002,Shoote,70000,2018,SS,셔츠,19,남성캐주얼,95,blue,102
208,SH1002003,Shoote,70000,2018,SS,셔츠,19,남성캐주얼,95,check,103
209,SH1002004,Shoote,70000,2018,SS,셔츠,19,남성캐주얼,105,white,104
210,SH1002005,Shoote,70000,2018,SS,셔츠,19,남성캐주얼,105,blue,105
211,SH1002006,Shoote,70000,2018,SS,셔츠,19,남성캐주얼,105,check,106
212,SH1002101,Shoote,70000,2018,SS,바지,47,남성캐주얼,80,grey,101
213,SH1002102,Shoote,70000,2018,SS,바지,47,남성캐주얼,80,khaki,102
214,SH1002103,Shoote,70000,2018,SS,바지,47,남성캐주얼,80,navy,103
215,SH1002104,Shoote,70000,2018,SS,바지,47,남성캐주얼,90,grey,104
216,SH1002105,Shoote,70000,2018,SS,바지,47,남성캐주얼,90,khaki,105
217,SH1002106,Shoote,70000,2018,SS,바지,47,남성캐주얼,90,navy,106
218,SH1002201,Shoote,180000,2018,AS,재킷,113,남성캐주얼,85,grey,101
219,SH1002202,Shoote,180000,2018,AS,재킷,113,남성캐주얼,85,dark blue,102
220,SH1002203,Shoote,180000,2018,AS,재킷,113,남성캐주얼,90,grey,103
221,SH1002204,Shoote,180000,2018,AS,재킷,113,남성캐주얼,90,dark blue,104
222,SH1002301,Shoote,70000,2018,SS,바지,54,여성캐주얼,66,grey,101
223,SH1002302,Shoote,70000,2018,SS,바지,54,여성캐주얼,66,black,102
224,SH1002303,Shoote,70000,2018,SS,바지,54,여성캐주얼,66,navy,103
225,SH1002304,Shoote,70000,2018,SS,바지,54,여성캐주얼,77,grey,104
226,SH1002305,Shoote,70000,2018,SS,바지,54,여성캐주얼,77,black,105
227,SH1002306,Shoote,70000,2018,SS,바지,54,여성캐주얼,77,navy,106
228,SH1002307,Shoote,70000,2018,SS,바지,54,여성캐주얼,88,grey,107
229,SH1002308,Shoote,70000,2018,SS,바지,54,여성캐주얼,88,black,108
230,SH1002309,Shoote,70000,2018,SS,바지,54,여성캐주얼,88,navy,109
231,SH1002401,Shoote,35000,2018,FW,바지,0,여성캐주얼,66,grey,101
232,SH1002402,Shoote,35000,2018,FW,바지,0,여성캐주얼,66,black,102
233,SH1002403,Shoote,35000,2018,FW,바지,0,여성캐주얼,66,navy,103
234,SH1002404,Shoote,35000,2018,FW,바지,0,여성캐주얼,77,grey,104
235,SH1002405,Shoote,35000,2018,FW,바지,0,여성캐주얼,77,black,105
236,SH1002406,Shoote,35000,2018,FW,바지,0,여성캐주얼,77,navy,106
237,SH1002407,Shoote,35000,2018,FW,바지,0,여성캐주얼,88,grey,107
238,SH1002408,Shoote,35000,2018,FW,바지,0,여성캐주얼,88,black,108
239,SH1002409,Shoote,35000,2018,FW,바지,0,여성캐주얼,88,navy,109
240,SH1002501,Shoote,60000,2018,FW,셔츠,16,여성캐주얼,90,white,101
241,SH1002502,Shoote,60000,2018,FW,셔츠,16,여성캐주얼,90,blue,102
242,SH1002503,Shoote,60000,2018,FW,셔츠,16,여성캐주얼,90,pink,103
243,SH1002504,Shoote,60000,2018,FW,셔츠,16,여성캐주얼,95,white,104
244,SH1002505,Shoote,60000,2018,FW,셔츠,16,여성캐주얼,95,blue,105
245,SH1002506,Shoote,60000,2018,FW,셔츠,16,여성캐주얼,95,pink,106
246,SH1002507,Shoote,60000,2018,FW,셔츠,16,여성캐주얼,100,white,107
247,SH1002508,Shoote,60000,2018,FW,셔츠,16,여성캐주얼,100,blue,108
248,SH1002509,Shoote,60000,2018,FW,셔츠,16,여성캐주얼,100,pink,109
249,SH1002601,Shoote,185000,2018,FW,코트,114,코트,90,black,101
250,SH1002602,Shoote,185000,2018,FW,코트,114,코트,90,navy,102
251,SH1002603,Shoote,185000,2018,FW,코트,114,코트,95,black,103
252,SH1002604,Shoote,185000,2018,FW,코트,114,코트,95,navy,104
253,ES2001501,Esteeme,130000,2019,SS,바지,90,여성캐주얼,66,grey,101
254,ES2001502,Esteeme,130000,2019,SS,바지,90,여성캐주얼,66,black,102
255,ES2001503,Esteeme,130000,2019,SS,바지,90,여성캐주얼,66,navy,103
256,ES2001504,Esteeme,130000,2019,SS,바지,90,여성캐주얼,77,grey,104
257,ES2001505,Esteeme,130000,2019,SS,바지,90,여성캐주얼,77,black,105
258,ES2001506,Esteeme,130000,2019,SS,바지,90,여성캐주얼,77,navy,106
259,ES2001507,Esteeme,130000,2019,SS,바지,90,여성캐주얼,88,grey,107
260,ES2001508,Esteeme,130000,2019,SS,바지,90,여성캐주얼,88,black,108
261,ES2001509,Esteeme,130000,2019,SS,바지,90,여성캐주얼,88,navy,109
262,ES2001601,Esteeme,260000,2019,FW,재킷,127,여성캐주얼,95,navy,101
263,ES2001602,Esteeme,260000,2019,FW,재킷,127,여성캐주얼,95,light grey,102
264,ES2001603,Esteeme,260000,2019,FW,재킷,127,여성캐주얼,100,navy,103
265,ES2001604,Esteeme,260000,2019,FW,재킷,127,여성캐주얼,100,light grey,104
266,ES2001605,Esteeme,260000,2019,FW,재킷,127,여성캐주얼,105,navy,105
267,ES2001606,Esteeme,260000,2019,FW,재킷,127,여성캐주얼,105,light grey,106
268,ES2001701,Esteeme,100000,2019,FW,바지,68,여성캐주얼,66,grey,101
269,ES2001702,Esteeme,100000,2019,FW,바지,68,여성캐주얼,66,black,102
270,ES2001703,Esteeme,100000,2019,FW,바지,68,여성캐주얼,66,navy,103
271,ES2001704,Esteeme,100000,2019,FW,바지,68,여성캐주얼,77,grey,104
272,ES2001705,Esteeme,100000,2019,FW,바지,68,여성캐주얼,77,black,105
273,ES2001706,Esteeme,100000,2019,FW,바지,68,여성캐주얼,77,navy,106
274,ES2001707,Esteeme,100000,2019,FW,바지,68,여성캐주얼,88,grey,107
275,ES2001708,Esteeme,100000,2019,FW,바지,68,여성캐주얼,88,black,108
276,ES2001709,Esteeme,100000,2019,FW,바지,68,여성캐주얼,88,navy,109
277,ES2001801,Esteeme,65000,2019,SS,바지,26,여성캐주얼,66,grey,101
278,ES2001802,Esteeme,65000,2019,SS,바지,26,여성캐주얼,66,black,102
279,ES2001803,Esteeme,65000,2019,SS,바지,26,여성캐주얼,66,navy,103
280,ES2001804,Esteeme,65000,2019,SS,바지,26,여성캐주얼,77,grey,104
281,ES2001805,Esteeme,65000,2019,SS,바지,26,여성캐주얼,77,black,105
282,ES2001806,Esteeme,65000,2019,SS,바지,26,여성캐주얼,77,navy,106
283,ES2001807,Esteeme,65000,2019,SS,바지,26,여성캐주얼,88,grey,107
284,ES2001808,Esteeme,65000,2019,SS,바지,26,여성캐주얼,88,black,108
285,ES2001809,Esteeme,65000,2019,SS,바지,26,여성캐주얼,88,navy,109
286,ES2001901,Esteeme,100000,2019,SS,바지,74,여성캐주얼,66,grey,101
287,ES2001902,Esteeme,100000,2019,SS,바지,74,여성캐주얼,66,black,102
288,ES2001903,Esteeme,100000,2019,SS,바지,74,여성캐주얼,66,navy,103
289,ES2001904,Esteeme,100000,2019,SS,바지,74,여성캐주얼,77,grey,104
290,ES2001905,Esteeme,100000,2019,SS,바지,74,여성캐주얼,77,black,105
291,ES2001906,Esteeme,100000,2019,SS,바지,74,여성캐주얼,77,navy,106
292,ES2001907,Esteeme,100000,2019,SS,바지,74,여성캐주얼,88,grey,107
293,ES2001908,Esteeme,100000,2019,SS,바지,74,여성캐주얼,88,black,108
294,ES2001909,Esteeme,100000,2019,SS,바지,74,여성캐주얼,88,navy,109
295,ES2002001,Esteeme,100000,2019,FW,바지,75,여성캐주얼,66,grey,101
296,ES2002002,Esteeme,100000,2019,FW,바지,75,여성캐주얼,66,black,102
297,ES2002003,Esteeme,100000,2019,FW,바지,75,여성캐주얼,66,navy,103
298,ES2002004,Esteeme,100000,2019,FW,바지,75,여성캐주얼,77,grey,104
299,ES2002005,Esteeme,100000,2019,FW,바지,75,여성캐주얼,77,black,105
300,ES2002006,Esteeme,100000,2019,FW,바지,75,여성캐주얼,77,navy,106
301,ES2002007,Esteeme,100000,2019,FW,바지,75,여성캐주얼,88,grey,107
302,ES2002008,Esteeme,100000,2019,FW,바지,75,여성캐주얼,88,black,108
303,ES2002009,Esteeme,100000,2019,FW,바지,75,여성캐주얼,88,navy,109
304,ES2002101,Esteeme,100000,2019,AS,셔츠,85,여성캐주얼,90,white,101
305,ES2002102,Esteeme,100000,2019,AS,셔츠,85,여성캐주얼,90,blue,102
306,ES2002103,Esteeme,100000,2019,AS,셔츠,85,여성캐주얼,90,pink,103
307,ES2002104,Esteeme,100000,2019,AS,셔츠,85,여성캐주얼,95,white,104
308,ES2002105,Esteeme,100000,2019,AS,셔츠,85,여성캐주얼,95,blue,105
309,ES2002106,Esteeme,100000,2019,AS,셔츠,85,여성캐주얼,95,pink,106
310,ES2002107,Esteeme,100000,2019,AS,셔츠,85,여성캐주얼,100,white,107
311,ES2002108,Esteeme,100000,2019,AS,셔츠,85,여성캐주얼,100,blue,108
312,ES2002109,Esteeme,100000,2019,AS,셔츠,85,여성캐주얼,100,pink,109
313,ES2002201,Esteeme,130000,2019,FW,재킷,93,여성캐주얼,95,navy,101
314,ES2002202,Esteeme,130000,2019,FW,재킷,93,여성캐주얼,95,light grey,102
315,ES2002203,Esteeme,130000,2019,FW,재킷,93,여성캐주얼,100,navy,103
316,ES2002204,Esteeme,130000,2019,FW,재킷,93,여성캐주얼,100,light grey,104
317,ES2002205,Esteeme,130000,2019,FW,재킷,93,여성캐주얼,105,navy,105
318,ES2002206,Esteeme,130000,2019,FW,재킷,93,여성캐주얼,105,light grey,106
319,ES2002301,Esteeme,100000,2019,SS,바지,84,여성캐주얼,66,grey,101
320,ES2002302,Esteeme,100000,2019,SS,바지,84,여성캐주얼,66,black,102
321,ES2002303,Esteeme,100000,2019,SS,바지,84,여성캐주얼,66,navy,103
322,ES2002304,Esteeme,100000,2019,SS,바지,84,여성캐주얼,77,grey,104
323,ES2002305,Esteeme,100000,2019,SS,바지,84,여성캐주얼,77,black,105
324,ES2002306,Esteeme,100000,2019,SS,바지,84,여성캐주얼,77,navy,106
325,ES2002307,Esteeme,100000,2019,SS,바지,84,여성캐주얼,88,grey,107
326,ES2002308,Esteeme,100000,2019,SS,바지,84,여성캐주얼,88,black,108
327,ES2002309,Esteeme,100000,2019,SS,바지,84,여성캐주얼,88,navy,109
328,ES2002401,Esteeme,130000,2019,SS,셔츠,91,여성캐주얼,90,white,101
329,ES2002402,Esteeme,130000,2019,SS,셔츠,91,여성캐주얼,90,blue,102
330,ES2002403,Esteeme,130000,2019,SS,셔츠,91,여성캐주얼,90,pink,103
331,ES2002404,Esteeme,130000,2019,SS,셔츠,91,여성캐주얼,95,white,104
332,ES2002405,Esteeme,130000,2019,SS,셔츠,91,여성캐주얼,95,blue,105
333,ES2002406,Esteeme,130000,2019,SS,셔츠,91,여성캐주얼,95,pink,106
334,ES2002407,Esteeme,130000,2019,SS,셔츠,91,여성캐주얼,100,white,107
335,ES2002408,Esteeme,130000,2019,SS,셔츠,91,여성캐주얼,100,blue,108
336,ES2002409,Esteeme,130000,2019,SS,셔츠,91,여성캐주얼,100,pink,109
337,ES2002501,Esteeme,130000,2019,AS,셔츠,94,여성캐주얼,90,white,101
338,ES2002502,Esteeme,130000,2019,AS,셔츠,94,여성캐주얼,90,blue,102
339,ES2002503,Esteeme,130000,2019,AS,셔츠,94,여성캐주얼,90,pink,103
340,ES2002504,Esteeme,130000,2019,AS,셔츠,94,여성캐주얼,95,white,104
341,ES2002505,Esteeme,130000,2019,AS,셔츠,94,여성캐주얼,95,blue,105
342,ES2002506,Esteeme,130000,2019,AS,셔츠,94,여성캐주얼,95,pink,106
343,ES2002507,Esteeme,130000,2019,AS,셔츠,94,여성캐주얼,100,white,107
344,ES2002508,Esteeme,130000,2019,AS,셔츠,94,여성캐주얼,100,blue,108
345,ES2002509,Esteeme,130000,2019,AS,셔츠,94,여성캐주얼,100,pink,109
346,ES2002601,Esteeme,100000,2019,AS,셔츠,73,여성캐주얼,90,white,101
347,ES2002602,Esteeme,100000,2019,AS,셔츠,73,여성캐주얼,90,blue,102
348,ES2002603,Esteeme,100000,2019,AS,셔츠,73,여성캐주얼,90,pink,103
349,ES2002604,Esteeme,100000,2019,AS,셔츠,73,여성캐주얼,95,white,104
350,ES2002605,Esteeme,100000,2019,AS,셔츠,73,여성캐주얼,95,blue,105
351,ES2002606,Esteeme,100000,2019,AS,셔츠,73,여성캐주얼,95,pink,106
352,ES2002607,Esteeme,100000,2019,AS,셔츠,73,여성캐주얼,100,white,107
353,ES2002608,Esteeme,100000,2019,AS,셔츠,73,여성캐주얼,100,blue,108
354,ES2002609,Esteeme,100000,2019,AS,셔츠,73,여성캐주얼,100,pink,109
355,ES2002701,Esteeme,100000,2019,FW,치마,81,여성캐주얼,66,grey,101
356,ES2002702,Esteeme,100000,2019,FW,치마,81,여성캐주얼,66,black,102
357,ES2002703,Esteeme,100000,2019,FW,치마,81,여성캐주얼,77,grey,103
358,ES2002704,Esteeme,100000,2019,FW,치마,81,여성캐주얼,77,black,104
359,ES2002705,Esteeme,100000,2019,FW,치마,81,여성캐주얼,88,grey,105
360,ES2002706,Esteeme,100000,2019,FW,치마,81,여성캐주얼,88,black,106
361,ES2002801,Esteeme,100000,2019,FW,바지,80,여성캐주얼,66,grey,101
362,ES2002802,Esteeme,100000,2019,FW,바지,80,여성캐주얼,66,black,102
363,ES2002803,Esteeme,100000,2019,FW,바지,80,여성캐주얼,66,navy,103
364,ES2002804,Esteeme,100000,2019,FW,바지,80,여성캐주얼,77,grey,104
365,ES2002805,Esteeme,100000,2019,FW,바지,80,여성캐주얼,77,black,105
366,ES2002806,Esteeme,100000,2019,FW,바지,80,여성캐주얼,77,navy,106
367,ES2002807,Esteeme,100000,2019,FW,바지,80,여성캐주얼,88,grey,107
368,ES2002808,Esteeme,100000,2019,FW,바지,80,여성캐주얼,88,black,108
369,ES2002809,Esteeme,100000,2019,FW,바지,80,여성캐주얼,88,navy,109
370,ES2002901,Esteeme,90000,2019,SS,치마,57,여성캐주얼,66,grey,101
371,ES2002902,Esteeme,90000,2019,SS,치마,57,여성캐주얼,66,black,102
372,ES2002903,Esteeme,90000,2019,SS,치마,57,여성캐주얼,77,grey,103
373,ES2002904,Esteeme,90000,2019,SS,치마,57,여성캐주얼,77,black,104
374,ES2002905,Esteeme,90000,2019,SS,치마,57,여성캐주얼,88,grey,105
375,ES2002906,Esteeme,90000,2019,SS,치마,57,여성캐주얼,88,black,106
376,ES2003001,Esteeme,100000,2019,SS,바지,87,여성캐주얼,66,grey,101
377,ES2003002,Esteeme,100000,2019,SS,바지,87,여성캐주얼,66,black,102
378,ES2003003,Esteeme,100000,2019,SS,바지,87,여성캐주얼,66,navy,103
379,ES2003004,Esteeme,100000,2019,SS,바지,87,여성캐주얼,77,grey,104
380,ES2003005,Esteeme,100000,2019,SS,바지,87,여성캐주얼,77,black,105
381,ES2003006,Esteeme,100000,2019,SS,바지,87,여성캐주얼,77,navy,106
382,ES2003007,Esteeme,100000,2019,SS,바지,87,여성캐주얼,88,grey,107
383,ES2003008,Esteeme,100000,2019,SS,바지,87,여성캐주얼,88,black,108
384,ES2003009,Esteeme,100000,2019,SS,바지,87,여성캐주얼,88,navy,109
385,ES2003101,Esteeme,90000,2019,SS,셔츠,58,여성캐주얼,90,white,101
386,ES2003102,Esteeme,90000,2019,SS,셔츠,58,여성캐주얼,90,blue,102
387,ES2003103,Esteeme,90000,2019,SS,셔츠,58,여성캐주얼,90,pink,103
388,ES2003104,Esteeme,90000,2019,SS,셔츠,58,여성캐주얼,95,white,104
389,ES2003105,Esteeme,90000,2019,SS,셔츠,58,여성캐주얼,95,blue,105
390,ES2003106,Esteeme,90000,2019,SS,셔츠,58,여성캐주얼,95,pink,106
391,ES2003107,Esteeme,90000,2019,SS,셔츠,58,여성캐주얼,100,white,107
392,ES2003108,Esteeme,90000,2019,SS,셔츠,58,여성캐주얼,100,blue,108
393,ES2003109,Esteeme,90000,2019,SS,셔츠,58,여성캐주얼,100,pink,109
394,SH1002701,Shoote,230000,2019,FW,코트,120,코트,90,black,101
395,SH1002702,Shoote,230000,2019,FW,코트,120,코트,90,navy,102
396,SH1002703,Shoote,230000,2019,FW,코트,120,코트,95,black,103
397,SH1002704,Shoote,230000,2019,FW,코트,120,코트,95,navy,104
398,SH1002801,Shoote,230000,2019,FW,재킷,119,남성캐주얼,85,grey,101
399,SH1002802,Shoote,230000,2019,FW,재킷,119,남성캐주얼,85,dark blue,102
400,SH1002803,Shoote,230000,2019,FW,재킷,119,남성캐주얼,90,grey,103
401,SH1002804,Shoote,230000,2019,FW,재킷,119,남성캐주얼,90,dark blue,104
402,SH1002901,Shoote,70000,2019,FW,셔츠,46,여성캐주얼,90,white,101
403,SH1002902,Shoote,70000,2019,FW,셔츠,46,여성캐주얼,90,blue,102
404,SH1002903,Shoote,70000,2019,FW,셔츠,46,여성캐주얼,90,pink,103
405,SH1002904,Shoote,70000,2019,FW,셔츠,46,여성캐주얼,95,white,104
406,SH1002905,Shoote,70000,2019,FW,셔츠,46,여성캐주얼,95,blue,105
407,SH1002906,Shoote,70000,2019,FW,셔츠,46,여성캐주얼,95,pink,106
408,SH1002907,Shoote,70000,2019,FW,셔츠,46,여성캐주얼,100,white,107
409,SH1002908,Shoote,70000,2019,FW,셔츠,46,여성캐주얼,100,blue,108
410,SH1002909,Shoote,70000,2019,FW,셔츠,46,여성캐주얼,100,pink,109
411,SH1003001,Shoote,70000,2019,SS,바지,48,여성캐주얼,66,grey,101
412,SH1003002,Shoote,70000,2019,SS,바지,48,여성캐주얼,66,black,102
413,SH1003003,Shoote,70000,2019,SS,바지,48,여성캐주얼,66,navy,103
414,SH1003004,Shoote,70000,2019,SS,바지,48,여성캐주얼,77,grey,104
415,SH1003005,Shoote,70000,2019,SS,바지,48,여성캐주얼,77,black,105
416,SH1003006,Shoote,70000,2019,SS,바지,48,여성캐주얼,77,navy,106
417,SH1003007,Shoote,70000,2019,SS,바지,48,여성캐주얼,88,grey,107
418,SH1003008,Shoote,70000,2019,SS,바지,48,여성캐주얼,88,black,108
419,SH1003009,Shoote,70000,2019,SS,바지,48,여성캐주얼,88,navy,109
420,SH1003101,Shoote,100000,2019,AS,바지,86,여성캐주얼,66,grey,101
421,SH1003102,Shoote,100000,2019,AS,바지,86,여성캐주얼,66,black,102
422,SH1003103,Shoote,100000,2019,AS,바지,86,여성캐주얼,66,navy,103
423,SH1003104,Shoote,100000,2019,AS,바지,86,여성캐주얼,77,grey,104
424,SH1003105,Shoote,100000,2019,AS,바지,86,여성캐주얼,77,black,105
425,SH1003106,Shoote,100000,2019,AS,바지,86,여성캐주얼,77,navy,106
426,SH1003107,Shoote,100000,2019,AS,바지,86,여성캐주얼,88,grey,107
427,SH1003108,Shoote,100000,2019,AS,바지,86,여성캐주얼,88,black,108
428,SH1003109,Shoote,100000,2019,AS,바지,86,여성캐주얼,88,navy,109
429,SH1003201,Shoote,60000,2019,FW,바지,14,여성캐주얼,66,grey,101
430,SH1003202,Shoote,60000,2019,FW,바지,14,여성캐주얼,66,black,102
431,SH1003203,Shoote,60000,2019,FW,바지,14,여성캐주얼,66,navy,103
432,SH1003204,Shoote,60000,2019,FW,바지,14,여성캐주얼,77,grey,104
433,SH1003205,Shoote,60000,2019,FW,바지,14,여성캐주얼,77,black,105
434,SH1003206,Shoote,60000,2019,FW,바지,14,여성캐주얼,77,navy,106
435,SH1003207,Shoote,60000,2019,FW,바지,14,여성캐주얼,88,grey,107
436,SH1003208,Shoote,60000,2019,FW,바지,14,여성캐주얼,88,black,108
437,SH1003209,Shoote,60000,2019,FW,바지,14,여성캐주얼,88,navy,109
438,SH1003301,Shoote,70000,2019,AS,셔츠,13,남성캐주얼,95,white,101
439,SH1003302,Shoote,70000,2019,AS,셔츠,13,남성캐주얼,95,blue,102
440,SH1003303,Shoote,70000,2019,AS,셔츠,13,남성캐주얼,95,check,103
441,SH1003304,Shoote,70000,2019,AS,셔츠,13,남성캐주얼,105,white,104
442,SH1003305,Shoote,70000,2019,AS,셔츠,13,남성캐주얼,105,blue,105
443,SH1003306,Shoote,70000,2019,AS,셔츠,13,남성캐주얼,105,check,106
444,SH1003401,Shoote,80000,2019,AS,셔츠,49,남성캐주얼,95,white,101
445,SH1003402,Shoote,80000,2019,AS,셔츠,49,남성캐주얼,95,blue,102
446,SH1003403,Shoote,80000,2019,AS,셔츠,49,남성캐주얼,95,check,103
447,SH1003404,Shoote,80000,2019,AS,셔츠,49,남성캐주얼,105,white,104
448,SH1003405,Shoote,80000,2019,AS,셔츠,49,남성캐주얼,105,blue,105
449,SH1003406,Shoote,80000,2019,AS,셔츠,49,남성캐주얼,105,check,106
450,SH1003501,Shoote,70000,2019,SS,바지,51,남성캐주얼,80,grey,101
451,SH1003502,Shoote,70000,2019,SS,바지,51,남성캐주얼,80,khaki,102
452,SH1003503,Shoote,70000,2019,SS,바지,51,남성캐주얼,80,navy,103
453,SH1003504,Shoote,70000,2019,SS,바지,51,남성캐주얼,90,grey,104
454,SH1003505,Shoote,70000,2019,SS,바지,51,남성캐주얼,90,khaki,105
455,SH1003506,Shoote,70000,2019,SS,바지,51,남성캐주얼,90,navy,106
456,SH1003601,Shoote,60000,2019,FW,바지,12,여성캐주얼,66,grey,101
457,SH1003602,Shoote,60000,2019,FW,바지,12,여성캐주얼,66,black,102
458,SH1003603,Shoote,60000,2019,FW,바지,12,여성캐주얼,66,navy,103
459,SH1003604,Shoote,60000,2019,FW,바지,12,여성캐주얼,77,grey,104
460,SH1003605,Shoote,60000,2019,FW,바지,12,여성캐주얼,77,black,105
461,SH1003606,Shoote,60000,2019,FW,바지,12,여성캐주얼,77,navy,106
462,SH1003607,Shoote,60000,2019,FW,바지,12,여성캐주얼,88,grey,107
463,SH1003608,Shoote,60000,2019,FW,바지,12,여성캐주얼,88,black,108
464,SH1003609,Shoote,60000,2019,FW,바지,12,여성캐주얼,88,navy,109
465,SH1003701,Shoote,125000,2019,SS,재킷,89,남성캐주얼,85,grey,101
466,SH1003702,Shoote,125000,2019,SS,재킷,89,남성캐주얼,85,dark blue,102
467,SH1003703,Shoote,125000,2019,SS,재킷,89,남성캐주얼,90,grey,103
468,SH1003704,Shoote,125000,2019,SS,재킷,89,남성캐주얼,90,dark blue,104
469,SH1003801,Shoote,145000,2019,AS,셔츠,106,여성캐주얼,90,white,101
470,SH1003802,Shoote,145000,2019,AS,셔츠,106,여성캐주얼,90,blue,102
471,SH1003803,Shoote,145000,2019,AS,셔츠,106,여성캐주얼,90,pink,103
472,SH1003804,Shoote,145000,2019,AS,셔츠,106,여성캐주얼,95,white,104
473,SH1003805,Shoote,145000,2019,AS,셔츠,106,여성캐주얼,95,blue,105
474,SH1003806,Shoote,145000,2019,AS,셔츠,106,여성캐주얼,95,pink,106
475,SH1003807,Shoote,145000,2019,AS,셔츠,106,여성캐주얼,100,white,107
476,SH1003808,Shoote,145000,2019,AS,셔츠,106,여성캐주얼,100,blue,108
477,SH1003809,Shoote,145000,2019,AS,셔츠,106,여성캐주얼,100,pink,109
478,SH1003901,Shoote,250000,2019,SS,재킷,123,여성캐주얼,95,navy,101
479,SH1003902,Shoote,250000,2019,SS,재킷,123,여성캐주얼,95,light grey,102
480,SH1003903,Shoote,250000,2019,SS,재킷,123,여성캐주얼,100,navy,103
481,SH1003904,Shoote,250000,2019,SS,재킷,123,여성캐주얼,100,light grey,104
482,SH1003905,Shoote,250000,2019,SS,재킷,123,여성캐주얼,105,navy,105
483,SH1003906,Shoote,250000,2019,SS,재킷,123,여성캐주얼,105,light grey,106
484,SH1004001,Shoote,145000,2019,SS,바지,104,여성캐주얼,66,grey,101
485,SH1004002,Shoote,145000,2019,SS,바지,104,여성캐주얼,66,black,102
486,SH1004003,Shoote,145000,2019,SS,바지,104,여성캐주얼,66,navy,103
487,SH1004004,Shoote,145000,2019,SS,바지,104,여성캐주얼,77,grey,104
488,SH1004005,Shoote,145000,2019,SS,바지,104,여성캐주얼,77,black,105
489,SH1004006,Shoote,145000,2019,SS,바지,104,여성캐주얼,77,navy,106
490,SH1004007,Shoote,145000,2019,SS,바지,104,여성캐주얼,88,grey,107
491,SH1004008,Shoote,145000,2019,SS,바지,104,여성캐주얼,88,black,108
492,SH1004009,Shoote,145000,2019,SS,바지,104,여성캐주얼,88,navy,109
493,SH1004101,Shoote,70000,2019,FW,바지,56,여성캐주얼,66,grey,101
494,SH1004102,Shoote,70000,2019,FW,바지,56,여성캐주얼,66,black,102
495,SH1004103,Shoote,70000,2019,FW,바지,56,여성캐주얼,66,navy,103
496,SH1004104,Shoote,70000,2019,FW,바지,56,여성캐주얼,77,grey,104
497,SH1004105,Shoote,70000,2019,FW,바지,56,여성캐주얼,77,black,105
498,SH1004106,Shoote,70000,2019,FW,바지,56,여성캐주얼,77,navy,106
499,SH1004107,Shoote,70000,2019,FW,바지,56,여성캐주얼,88,grey,107
500,SH1004108,Shoote,70000,2019,FW,바지,56,여성캐주얼,88,black,108
501,SH1004109,Shoote,70000,2019,FW,바지,56,여성캐주얼,88,navy,109
502,SH1004201,Shoote,35000,2019,SS,셔츠,1,여성캐주얼,90,white,101
503,SH1004202,Shoote,35000,2019,SS,셔츠,1,여성캐주얼,90,blue,102
504,SH1004203,Shoote,35000,2019,SS,셔츠,1,여성캐주얼,90,pink,103
505,SH1004204,Shoote,35000,2019,SS,셔츠,1,여성캐주얼,95,white,104
506,SH1004205,Shoote,35000,2019,SS,셔츠,1,여성캐주얼,95,blue,105
507,SH1004206,Shoote,35000,2019,SS,셔츠,1,여성캐주얼,95,pink,106
508,SH1004207,Shoote,35000,2019,SS,셔츠,1,여성캐주얼,100,white,107
509,SH1004208,Shoote,35000,2019,SS,셔츠,1,여성캐주얼,100,blue,108
510,SH1004209,Shoote,35000,2019,SS,셔츠,1,여성캐주얼,100,pink,109
511,SH1004301,Shoote,60000,2019,AS,셔츠,10,여성캐주얼,90,white,101
512,SH1004302,Shoote,60000,2019,AS,셔츠,10,여성캐주얼,90,blue,102
513,SH1004303,Shoote,60000,2019,AS,셔츠,10,여성캐주얼,90,pink,103
514,SH1004304,Shoote,60000,2019,AS,셔츠,10,여성캐주얼,95,white,104
515,SH1004305,Shoote,60000,2019,AS,셔츠,10,여성캐주얼,95,blue,105
516,SH1004306,Shoote,60000,2019,AS,셔츠,10,여성캐주얼,95,pink,106
517,SH1004307,Shoote,60000,2019,AS,셔츠,10,여성캐주얼,100,white,107
518,SH1004308,Shoote,60000,2019,AS,셔츠,10,여성캐주얼,100,blue,108
519,SH1004309,Shoote,60000,2019,AS,셔츠,10,여성캐주얼,100,pink,109
520,SH1004401,Shoote,80000,2019,FW,셔츠,55,남성캐주얼,95,white,101
521,SH1004402,Shoote,80000,2019,FW,셔츠,55,남성캐주얼,95,blue,102
522,SH1004403,Shoote,80000,2019,FW,셔츠,55,남성캐주얼,95,check,103
523,SH1004404,Shoote,80000,2019,FW,셔츠,55,남성캐주얼,105,white,104
524,SH1004405,Shoote,80000,2019,FW,셔츠,55,남성캐주얼,105,blue,105
525,SH1004406,Shoote,80000,2019,FW,셔츠,55,남성캐주얼,105,check,106
526,SH1004501,Shoote,145000,2019,SS,재킷,105,남성캐주얼,85,grey,101
527,SH1004502,Shoote,145000,2019,SS,재킷,105,남성캐주얼,85,dark blue,102
528,SH1004503,Shoote,145000,2019,SS,재킷,105,남성캐주얼,90,grey,103
529,SH1004504,Shoote,145000,2019,SS,재킷,105,남성캐주얼,90,dark blue,104
530,SH1004601,Shoote,35000,2019,SS,바지,6,여성캐주얼,66,grey,101
531,SH1004602,Shoote,35000,2019,SS,바지,6,여성캐주얼,66,black,102
532,SH1004603,Shoote,35000,2019,SS,바지,6,여성캐주얼,66,navy,103
533,SH1004604,Shoote,35000,2019,SS,바지,6,여성캐주얼,77,grey,104
534,SH1004605,Shoote,35000,2019,SS,바지,6,여성캐주얼,77,black,105
535,SH1004606,Shoote,35000,2019,SS,바지,6,여성캐주얼,77,navy,106
536,SH1004607,Shoote,35000,2019,SS,바지,6,여성캐주얼,88,grey,107
537,SH1004608,Shoote,35000,2019,SS,바지,6,여성캐주얼,88,black,108
538,SH1004609,Shoote,35000,2019,SS,바지,6,여성캐주얼,88,navy,109
539,SH1004701,Shoote,60000,2019,SS,치마,17,여성캐주얼,66,grey,101
540,SH1004702,Shoote,60000,2019,SS,치마,17,여성캐주얼,66,black,102
541,SH1004703,Shoote,60000,2019,SS,치마,17,여성캐주얼,77,grey,103
542,SH1004704,Shoote,60000,2019,SS,치마,17,여성캐주얼,77,black,104
543,SH1004705,Shoote,60000,2019,SS,치마,17,여성캐주얼,88,grey,105
544,SH1004706,Shoote,60000,2019,SS,치마,17,여성캐주얼,88,black,106
545,SH1004801,Shoote,250000,2019,FW,코트,126,코트,90,black,101
546,SH1004802,Shoote,250000,2019,FW,코트,126,코트,90,navy,102
547,SH1004803,Shoote,250000,2019,FW,코트,126,코트,95,black,103
548,SH1004804,Shoote,250000,2019,FW,코트,126,코트,95,navy,104
549,SH1004901,Shoote,100000,2019,FW,셔츠,76,여성캐주얼,90,white,101
550,SH1004902,Shoote,100000,2019,FW,셔츠,76,여성캐주얼,90,blue,102
551,SH1004903,Shoote,100000,2019,FW,셔츠,76,여성캐주얼,90,pink,103
552,SH1004904,Shoote,100000,2019,FW,셔츠,76,여성캐주얼,95,white,104
553,SH1004905,Shoote,100000,2019,FW,셔츠,76,여성캐주얼,95,blue,105
554,SH1004906,Shoote,100000,2019,FW,셔츠,76,여성캐주얼,95,pink,106
555,SH1004907,Shoote,100000,2019,FW,셔츠,76,여성캐주얼,100,white,107
556,SH1004908,Shoote,100000,2019,FW,셔츠,76,여성캐주얼,100,blue,108
557,SH1004909,Shoote,100000,2019,FW,셔츠,76,여성캐주얼,100,pink,109
558,SH1005001,Shoote,70000,2019,SS,바지,44,여성캐주얼,66,grey,101
559,SH1005002,Shoote,70000,2019,SS,바지,44,여성캐주얼,66,black,102
560,SH1005003,Shoote,70000,2019,SS,바지,44,여성캐주얼,66,navy,103
561,SH1005004,Shoote,70000,2019,SS,바지,44,여성캐주얼,77,grey,104
562,SH1005005,Shoote,70000,2019,SS,바지,44,여성캐주얼,77,black,105
563,SH1005006,Shoote,70000,2019,SS,바지,44,여성캐주얼,77,navy,106
564,SH1005007,Shoote,70000,2019,SS,바지,44,여성캐주얼,88,grey,107
565,SH1005008,Shoote,70000,2019,SS,바지,44,여성캐주얼,88,black,108
566,SH1005009,Shoote,70000,2019,SS,바지,44,여성캐주얼,88,navy,109
567,SH1005101,Shoote,70000,2019,AS,바지,30,여성캐주얼,66,grey,101
568,SH1005102,Shoote,70000,2019,AS,바지,30,여성캐주얼,66,black,102
569,SH1005103,Shoote,70000,2019,AS,바지,30,여성캐주얼,66,navy,103
570,SH1005104,Shoote,70000,2019,AS,바지,30,여성캐주얼,77,grey,104
571,SH1005105,Shoote,70000,2019,AS,바지,30,여성캐주얼,77,black,105
572,SH1005106,Shoote,70000,2019,AS,바지,30,여성캐주얼,77,navy,106
573,SH1005107,Shoote,70000,2019,AS,바지,30,여성캐주얼,88,grey,107
574,SH1005108,Shoote,70000,2019,AS,바지,30,여성캐주얼,88,black,108
575,SH1005109,Shoote,70000,2019,AS,바지,30,여성캐주얼,88,navy,109
576,SH1005201,Shoote,100000,2019,SS,치마,77,여성캐주얼,66,grey,101
577,SH1005202,Shoote,100000,2019,SS,치마,77,여성캐주얼,66,black,102
578,SH1005203,Shoote,100000,2019,SS,치마,77,여성캐주얼,77,grey,103
579,SH1005204,Shoote,100000,2019,SS,치마,77,여성캐주얼,77,black,104
580,SH1005205,Shoote,100000,2019,SS,치마,77,여성캐주얼,88,grey,105
581,SH1005206,Shoote,100000,2019,SS,치마,77,여성캐주얼,88,black,106
582,SH1005301,Shoote,185000,2019,FW,재킷,115,남성캐주얼,85,grey,101
583,SH1005302,Shoote,185000,2019,FW,재킷,115,남성캐주얼,85,dark blue,102
584,SH1005303,Shoote,185000,2019,FW,재킷,115,남성캐주얼,90,grey,103
585,SH1005304,Shoote,185000,2019,FW,재킷,115,남성캐주얼,90,dark blue,104
586,SH1005401,Shoote,100000,2019,AS,바지,78,여성캐주얼,66,grey,101
587,SH1005402,Shoote,100000,2019,AS,바지,78,여성캐주얼,66,black,102
588,SH1005403,Shoote,100000,2019,AS,바지,78,여성캐주얼,66,navy,103
589,SH1005404,Shoote,100000,2019,AS,바지,78,여성캐주얼,77,grey,104
590,SH1005405,Shoote,100000,2019,AS,바지,78,여성캐주얼,77,black,105
591,SH1005406,Shoote,100000,2019,AS,바지,78,여성캐주얼,77,navy,106
592,SH1005407,Shoote,100000,2019,AS,바지,78,여성캐주얼,88,grey,107
593,SH1005408,Shoote,100000,2019,AS,바지,78,여성캐주얼,88,black,108
594,SH1005409,Shoote,100000,2019,AS,바지,78,여성캐주얼,88,navy,109
595,SH1005501,Shoote,110000,2019,SS,셔츠,79,남성캐주얼,95,white,101
596,SH1005502,Shoote,110000,2019,SS,셔츠,79,남성캐주얼,95,blue,102
597,SH1005503,Shoote,110000,2019,SS,셔츠,79,남성캐주얼,95,check,103
598,SH1005504,Shoote,110000,2019,SS,셔츠,79,남성캐주얼,105,white,104
599,SH1005505,Shoote,110000,2019,SS,셔츠,79,남성캐주얼,105,blue,105
600,SH1005506,Shoote,110000,2019,SS,셔츠,79,남성캐주얼,105,check,106
601,SH1005601,Shoote,80000,2019,FW,셔츠,31,남성캐주얼,95,white,101
602,SH1005602,Shoote,80000,2019,FW,셔츠,31,남성캐주얼,95,blue,102
603,SH1005603,Shoote,80000,2019,FW,셔츠,31,남성캐주얼,95,check,103
604,SH1005604,Shoote,80000,2019,FW,셔츠,31,남성캐주얼,105,white,104
605,SH1005605,Shoote,80000,2019,FW,셔츠,31,남성캐주얼,105,blue,105
606,SH1005606,Shoote,80000,2019,FW,셔츠,31,남성캐주얼,105,check,106
607,SH1005701,Shoote,100000,2019,AS,셔츠,82,여성캐주얼,90,white,101
608,SH1005702,Shoote,100000,2019,AS,셔츠,82,여성캐주얼,90,blue,102
609,SH1005703,Shoote,100000,2019,AS,셔츠,82,여성캐주얼,90,pink,103
610,SH1005704,Shoote,100000,2019,AS,셔츠,82,여성캐주얼,95,white,104
611,SH1005705,Shoote,100000,2019,AS,셔츠,82,여성캐주얼,95,blue,105
612,SH1005706,Shoote,100000,2019,AS,셔츠,82,여성캐주얼,95,pink,106
613,SH1005707,Shoote,100000,2019,AS,셔츠,82,여성캐주얼,100,white,107
614,SH1005708,Shoote,100000,2019,AS,셔츠,82,여성캐주얼,100,blue,108
615,SH1005709,Shoote,100000,2019,AS,셔츠,82,여성캐주얼,100,pink,109
616,SH1005801,Shoote,70000,2019,AS,바지,32,여성캐주얼,66,grey,101
617,SH1005802,Shoote,70000,2019,AS,바지,32,여성캐주얼,66,black,102
618,SH1005803,Shoote,70000,2019,AS,바지,32,여성캐주얼,66,navy,103
619,SH1005804,Shoote,70000,2019,AS,바지,32,여성캐주얼,77,grey,104
620,SH1005805,Shoote,70000,2019,AS,바지,32,여성캐주얼,77,black,105
621,SH1005806,Shoote,70000,2019,AS,바지,32,여성캐주얼,77,navy,106
622,SH1005807,Shoote,70000,2019,AS,바지,32,여성캐주얼,88,grey,107
623,SH1005808,Shoote,70000,2019,AS,바지,32,여성캐주얼,88,black,108
624,SH1005809,Shoote,70000,2019,AS,바지,32,여성캐주얼,88,navy,109
625,SH1005901,Shoote,185000,2019,FW,코트,116,코트,90,black,101
626,SH1005902,Shoote,185000,2019,FW,코트,116,코트,90,navy,102
627,SH1005903,Shoote,185000,2019,FW,코트,116,코트,95,black,103
628,SH1005904,Shoote,185000,2019,FW,코트,116,코트,95,navy,104
629,SH1006001,Shoote,70000,2019,SS,치마,33,여성캐주얼,66,grey,101
630,SH1006002,Shoote,70000,2019,SS,치마,33,여성캐주얼,66,black,102
631,SH1006003,Shoote,70000,2019,SS,치마,33,여성캐주얼,77,grey,103
632,SH1006004,Shoote,70000,2019,SS,치마,33,여성캐주얼,77,black,104
633,SH1006005,Shoote,70000,2019,SS,치마,33,여성캐주얼,88,grey,105
634,SH1006006,Shoote,70000,2019,SS,치마,33,여성캐주얼,88,black,106
635,SH1006101,Shoote,100000,2019,AS,바지,83,남성캐주얼,80,grey,101
636,SH1006102,Shoote,100000,2019,AS,바지,83,남성캐주얼,80,khaki,102
637,SH1006103,Shoote,100000,2019,AS,바지,83,남성캐주얼,80,navy,103
638,SH1006104,Shoote,100000,2019,AS,바지,83,남성캐주얼,90,grey,104
639,SH1006105,Shoote,100000,2019,AS,바지,83,남성캐주얼,90,khaki,105
640,SH1006106,Shoote,100000,2019,AS,바지,83,남성캐주얼,90,navy,106
641,ES2003201,Esteeme,65000,2020,AS,셔츠,28,여성캐주얼,90,white,101
642,ES2003202,Esteeme,65000,2020,AS,셔츠,28,여성캐주얼,90,blue,102
643,ES2003203,Esteeme,65000,2020,AS,셔츠,28,여성캐주얼,90,pink,103
644,ES2003204,Esteeme,65000,2020,AS,셔츠,28,여성캐주얼,95,white,104
645,ES2003205,Esteeme,65000,2020,AS,셔츠,28,여성캐주얼,95,blue,105
646,ES2003206,Esteeme,65000,2020,AS,셔츠,28,여성캐주얼,95,pink,106
647,ES2003207,Esteeme,65000,2020,AS,셔츠,28,여성캐주얼,100,white,107
648,ES2003208,Esteeme,65000,2020,AS,셔츠,28,여성캐주얼,100,blue,108
649,ES2003209,Esteeme,65000,2020,AS,셔츠,28,여성캐주얼,100,pink,109
650,ES2003301,Esteeme,135000,2020,AS,셔츠,100,여성캐주얼,90,white,101
651,ES2003302,Esteeme,135000,2020,AS,셔츠,100,여성캐주얼,90,blue,102
652,ES2003303,Esteeme,135000,2020,AS,셔츠,100,여성캐주얼,90,pink,103
653,ES2003304,Esteeme,135000,2020,AS,셔츠,100,여성캐주얼,95,white,104
654,ES2003305,Esteeme,135000,2020,AS,셔츠,100,여성캐주얼,95,blue,105
655,ES2003306,Esteeme,135000,2020,AS,셔츠,100,여성캐주얼,95,pink,106
656,ES2003307,Esteeme,135000,2020,AS,셔츠,100,여성캐주얼,100,white,107
657,ES2003308,Esteeme,135000,2020,AS,셔츠,100,여성캐주얼,100,blue,108
658,ES2003309,Esteeme,135000,2020,AS,셔츠,100,여성캐주얼,100,pink,109
659,ES2003401,Esteeme,90000,2020,AS,바지,62,여성캐주얼,66,grey,101
660,ES2003402,Esteeme,90000,2020,AS,바지,62,여성캐주얼,66,black,102
661,ES2003403,Esteeme,90000,2020,AS,바지,62,여성캐주얼,66,navy,103
662,ES2003404,Esteeme,90000,2020,AS,바지,62,여성캐주얼,77,grey,104
663,ES2003405,Esteeme,90000,2020,AS,바지,62,여성캐주얼,77,black,105
664,ES2003406,Esteeme,90000,2020,AS,바지,62,여성캐주얼,77,navy,106
665,ES2003407,Esteeme,90000,2020,AS,바지,62,여성캐주얼,88,grey,107
666,ES2003408,Esteeme,90000,2020,AS,바지,62,여성캐주얼,88,black,108
667,ES2003409,Esteeme,90000,2020,AS,바지,62,여성캐주얼,88,navy,109
668,ES2003501,Esteeme,100000,2020,SS,셔츠,70,여성캐주얼,90,white,101
669,ES2003502,Esteeme,100000,2020,SS,셔츠,70,여성캐주얼,90,blue,102
670,ES2003503,Esteeme,100000,2020,SS,셔츠,70,여성캐주얼,90,pink,103
671,ES2003504,Esteeme,100000,2020,SS,셔츠,70,여성캐주얼,95,white,104
672,ES2003505,Esteeme,100000,2020,SS,셔츠,70,여성캐주얼,95,blue,105
673,ES2003506,Esteeme,100000,2020,SS,셔츠,70,여성캐주얼,95,pink,106
674,ES2003507,Esteeme,100000,2020,SS,셔츠,70,여성캐주얼,100,white,107
675,ES2003508,Esteeme,100000,2020,SS,셔츠,70,여성캐주얼,100,blue,108
676,ES2003509,Esteeme,100000,2020,SS,셔츠,70,여성캐주얼,100,pink,109
677,ES2003601,Esteeme,165000,2020,FW,재킷,111,여성캐주얼,95,navy,101
678,ES2003602,Esteeme,165000,2020,FW,재킷,111,여성캐주얼,95,light grey,102
679,ES2003603,Esteeme,165000,2020,FW,재킷,111,여성캐주얼,100,navy,103
680,ES2003604,Esteeme,165000,2020,FW,재킷,111,여성캐주얼,100,light grey,104
681,ES2003605,Esteeme,165000,2020,FW,재킷,111,여성캐주얼,105,navy,105
682,ES2003606,Esteeme,165000,2020,FW,재킷,111,여성캐주얼,105,light grey,106
683,ES2003701,Esteeme,230000,2020,FW,재킷,121,여성캐주얼,95,navy,101
684,ES2003702,Esteeme,230000,2020,FW,재킷,121,여성캐주얼,95,light grey,102
685,ES2003703,Esteeme,230000,2020,FW,재킷,121,여성캐주얼,100,navy,103
686,ES2003704,Esteeme,230000,2020,FW,재킷,121,여성캐주얼,100,light grey,104
687,ES2003705,Esteeme,230000,2020,FW,재킷,121,여성캐주얼,105,navy,105
688,ES2003706,Esteeme,230000,2020,FW,재킷,121,여성캐주얼,105,light grey,106
689,ES2003801,Esteeme,160000,2020,SS,재킷,109,여성캐주얼,95,navy,101
690,ES2003802,Esteeme,160000,2020,SS,재킷,109,여성캐주얼,95,light grey,102
691,ES2003803,Esteeme,160000,2020,SS,재킷,109,여성캐주얼,100,navy,103
692,ES2003804,Esteeme,160000,2020,SS,재킷,109,여성캐주얼,100,light grey,104
693,ES2003805,Esteeme,160000,2020,SS,재킷,109,여성캐주얼,105,navy,105
694,ES2003806,Esteeme,160000,2020,SS,재킷,109,여성캐주얼,105,light grey,106
695,ES2003901,Esteeme,100000,2020,SS,셔츠,67,여성캐주얼,90,white,101
696,ES2003902,Esteeme,100000,2020,SS,셔츠,67,여성캐주얼,90,blue,102
697,ES2003903,Esteeme,100000,2020,SS,셔츠,67,여성캐주얼,90,pink,103
698,ES2003904,Esteeme,100000,2020,SS,셔츠,67,여성캐주얼,95,white,104
699,ES2003905,Esteeme,100000,2020,SS,셔츠,67,여성캐주얼,95,blue,105
700,ES2003906,Esteeme,100000,2020,SS,셔츠,67,여성캐주얼,95,pink,106
701,ES2003907,Esteeme,100000,2020,SS,셔츠,67,여성캐주얼,100,white,107
702,ES2003908,Esteeme,100000,2020,SS,셔츠,67,여성캐주얼,100,blue,108
703,ES2003909,Esteeme,100000,2020,SS,셔츠,67,여성캐주얼,100,pink,109
704,ES2004001,Esteeme,100000,2020,FW,바지,66,여성캐주얼,66,grey,101
705,ES2004002,Esteeme,100000,2020,FW,바지,66,여성캐주얼,66,black,102
706,ES2004003,Esteeme,100000,2020,FW,바지,66,여성캐주얼,66,navy,103
707,ES2004004,Esteeme,100000,2020,FW,바지,66,여성캐주얼,77,grey,104
708,ES2004005,Esteeme,100000,2020,FW,바지,66,여성캐주얼,77,black,105
709,ES2004006,Esteeme,100000,2020,FW,바지,66,여성캐주얼,77,navy,106
710,ES2004007,Esteeme,100000,2020,FW,바지,66,여성캐주얼,88,grey,107
711,ES2004008,Esteeme,100000,2020,FW,바지,66,여성캐주얼,88,black,108
712,ES2004009,Esteeme,100000,2020,FW,바지,66,여성캐주얼,88,navy,109
713,ES2004101,Esteeme,100000,2020,SS,치마,65,여성캐주얼,66,grey,101
714,ES2004102,Esteeme,100000,2020,SS,치마,65,여성캐주얼,66,black,102
715,ES2004103,Esteeme,100000,2020,SS,치마,65,여성캐주얼,77,grey,103
716,ES2004104,Esteeme,100000,2020,SS,치마,65,여성캐주얼,77,black,104
717,ES2004105,Esteeme,100000,2020,SS,치마,65,여성캐주얼,88,grey,105
718,ES2004106,Esteeme,100000,2020,SS,치마,65,여성캐주얼,88,black,106
719,ES2004201,Esteeme,165000,2020,FW,코트,110,코트,90,black,101
720,ES2004202,Esteeme,165000,2020,FW,코트,110,코트,90,navy,102
721,ES2004203,Esteeme,165000,2020,FW,코트,110,코트,95,black,103
722,ES2004204,Esteeme,165000,2020,FW,코트,110,코트,95,navy,104
723,ES2004301,Esteeme,160000,2020,SS,바지,108,여성캐주얼,66,grey,101
724,ES2004302,Esteeme,160000,2020,SS,바지,108,여성캐주얼,66,black,102
725,ES2004303,Esteeme,160000,2020,SS,바지,108,여성캐주얼,66,navy,103
726,ES2004304,Esteeme,160000,2020,SS,바지,108,여성캐주얼,77,grey,104
727,ES2004305,Esteeme,160000,2020,SS,바지,108,여성캐주얼,77,black,105
728,ES2004306,Esteeme,160000,2020,SS,바지,108,여성캐주얼,77,navy,106
729,ES2004307,Esteeme,160000,2020,SS,바지,108,여성캐주얼,88,grey,107
730,ES2004308,Esteeme,160000,2020,SS,바지,108,여성캐주얼,88,black,108
731,ES2004309,Esteeme,160000,2020,SS,바지,108,여성캐주얼,88,navy,109
732,ES2004401,Esteeme,100000,2020,FW,치마,69,여성캐주얼,66,grey,101
733,ES2004402,Esteeme,100000,2020,FW,치마,69,여성캐주얼,66,black,102
734,ES2004403,Esteeme,100000,2020,FW,치마,69,여성캐주얼,77,grey,103
735,ES2004404,Esteeme,100000,2020,FW,치마,69,여성캐주얼,77,black,104
736,ES2004405,Esteeme,100000,2020,FW,치마,69,여성캐주얼,88,grey,105
737,ES2004406,Esteeme,100000,2020,FW,치마,69,여성캐주얼,88,black,106
738,ES2004501,Esteeme,90000,2020,SS,셔츠,61,여성캐주얼,90,white,101
739,ES2004502,Esteeme,90000,2020,SS,셔츠,61,여성캐주얼,90,blue,102
740,ES2004503,Esteeme,90000,2020,SS,셔츠,61,여성캐주얼,90,pink,103
741,ES2004504,Esteeme,90000,2020,SS,셔츠,61,여성캐주얼,95,white,104
742,ES2004505,Esteeme,90000,2020,SS,셔츠,61,여성캐주얼,95,blue,105
743,ES2004506,Esteeme,90000,2020,SS,셔츠,61,여성캐주얼,95,pink,106
744,ES2004507,Esteeme,90000,2020,SS,셔츠,61,여성캐주얼,100,white,107
745,ES2004508,Esteeme,90000,2020,SS,셔츠,61,여성캐주얼,100,blue,108
746,ES2004509,Esteeme,90000,2020,SS,셔츠,61,여성캐주얼,100,pink,109
747,ES2004601,Esteeme,135000,2020,AS,재킷,99,여성캐주얼,95,navy,101
748,ES2004602,Esteeme,135000,2020,AS,재킷,99,여성캐주얼,95,light grey,102
749,ES2004603,Esteeme,135000,2020,AS,재킷,99,여성캐주얼,100,navy,103
750,ES2004604,Esteeme,135000,2020,AS,재킷,99,여성캐주얼,100,light grey,104
751,ES2004605,Esteeme,135000,2020,AS,재킷,99,여성캐주얼,105,navy,105
752,ES2004606,Esteeme,135000,2020,AS,재킷,99,여성캐주얼,105,light grey,106
753,SH1006201,Shoote,265000,2020,FW,재킷,129,여성캐주얼,95,navy,101
754,SH1006202,Shoote,265000,2020,FW,재킷,129,여성캐주얼,95,light grey,102
755,SH1006203,Shoote,265000,2020,FW,재킷,129,여성캐주얼,100,navy,103
756,SH1006204,Shoote,265000,2020,FW,재킷,129,여성캐주얼,100,light grey,104
757,SH1006205,Shoote,265000,2020,FW,재킷,129,여성캐주얼,105,navy,105
758,SH1006206,Shoote,265000,2020,FW,재킷,129,여성캐주얼,105,light grey,106
759,SH1006301,Shoote,70000,2020,SS,바지,42,여성캐주얼,66,grey,101
760,SH1006302,Shoote,70000,2020,SS,바지,42,여성캐주얼,66,black,102
761,SH1006303,Shoote,70000,2020,SS,바지,42,여성캐주얼,66,navy,103
762,SH1006304,Shoote,70000,2020,SS,바지,42,여성캐주얼,77,grey,104
763,SH1006305,Shoote,70000,2020,SS,바지,42,여성캐주얼,77,black,105
764,SH1006306,Shoote,70000,2020,SS,바지,42,여성캐주얼,77,navy,106
765,SH1006307,Shoote,70000,2020,SS,바지,42,여성캐주얼,88,grey,107
766,SH1006308,Shoote,70000,2020,SS,바지,42,여성캐주얼,88,black,108
767,SH1006309,Shoote,70000,2020,SS,바지,42,여성캐주얼,88,navy,109
768,SH1006401,Shoote,70000,2020,SS,바지,36,여성캐주얼,66,grey,101
769,SH1006402,Shoote,70000,2020,SS,바지,36,여성캐주얼,66,black,102
770,SH1006403,Shoote,70000,2020,SS,바지,36,여성캐주얼,66,navy,103
771,SH1006404,Shoote,70000,2020,SS,바지,36,여성캐주얼,77,grey,104
772,SH1006405,Shoote,70000,2020,SS,바지,36,여성캐주얼,77,black,105
773,SH1006406,Shoote,70000,2020,SS,바지,36,여성캐주얼,77,navy,106
774,SH1006407,Shoote,70000,2020,SS,바지,36,여성캐주얼,88,grey,107
775,SH1006408,Shoote,70000,2020,SS,바지,36,여성캐주얼,88,black,108
776,SH1006409,Shoote,70000,2020,SS,바지,36,여성캐주얼,88,navy,109
777,SH1006501,Shoote,145000,2020,FW,셔츠,103,남성캐주얼,95,white,101
778,SH1006502,Shoote,145000,2020,FW,셔츠,103,남성캐주얼,95,blue,102
779,SH1006503,Shoote,145000,2020,FW,셔츠,103,남성캐주얼,95,check,103
780,SH1006504,Shoote,145000,2020,FW,셔츠,103,남성캐주얼,105,white,104
781,SH1006505,Shoote,145000,2020,FW,셔츠,103,남성캐주얼,105,blue,105
782,SH1006506,Shoote,145000,2020,FW,셔츠,103,남성캐주얼,105,check,106
783,SH1006601,Shoote,70000,2020,SS,셔츠,34,여성캐주얼,90,white,101
784,SH1006602,Shoote,70000,2020,SS,셔츠,34,여성캐주얼,90,blue,102
785,SH1006603,Shoote,70000,2020,SS,셔츠,34,여성캐주얼,90,pink,103
786,SH1006604,Shoote,70000,2020,SS,셔츠,34,여성캐주얼,95,white,104
787,SH1006605,Shoote,70000,2020,SS,셔츠,34,여성캐주얼,95,blue,105
788,SH1006606,Shoote,70000,2020,SS,셔츠,34,여성캐주얼,95,pink,106
789,SH1006607,Shoote,70000,2020,SS,셔츠,34,여성캐주얼,100,white,107
790,SH1006608,Shoote,70000,2020,SS,셔츠,34,여성캐주얼,100,blue,108
791,SH1006609,Shoote,70000,2020,SS,셔츠,34,여성캐주얼,100,pink,109
792,SH1006701,Shoote,130000,2020,SS,바지,96,여성캐주얼,66,grey,101
793,SH1006702,Shoote,130000,2020,SS,바지,96,여성캐주얼,66,black,102
794,SH1006703,Shoote,130000,2020,SS,바지,96,여성캐주얼,66,navy,103
795,SH1006704,Shoote,130000,2020,SS,바지,96,여성캐주얼,77,grey,104
796,SH1006705,Shoote,130000,2020,SS,바지,96,여성캐주얼,77,black,105
797,SH1006706,Shoote,130000,2020,SS,바지,96,여성캐주얼,77,navy,106
798,SH1006707,Shoote,130000,2020,SS,바지,96,여성캐주얼,88,grey,107
799,SH1006708,Shoote,130000,2020,SS,바지,96,여성캐주얼,88,black,108
800,SH1006709,Shoote,130000,2020,SS,바지,96,여성캐주얼,88,navy,109
801,SH1006801,Shoote,135000,2020,FW,바지,102,여성캐주얼,66,grey,101
802,SH1006802,Shoote,135000,2020,FW,바지,102,여성캐주얼,66,black,102
803,SH1006803,Shoote,135000,2020,FW,바지,102,여성캐주얼,66,navy,103
804,SH1006804,Shoote,135000,2020,FW,바지,102,여성캐주얼,77,grey,104
805,SH1006805,Shoote,135000,2020,FW,바지,102,여성캐주얼,77,black,105
806,SH1006806,Shoote,135000,2020,FW,바지,102,여성캐주얼,77,navy,106
807,SH1006807,Shoote,135000,2020,FW,바지,102,여성캐주얼,88,grey,107
808,SH1006808,Shoote,135000,2020,FW,바지,102,여성캐주얼,88,black,108
809,SH1006809,Shoote,135000,2020,FW,바지,102,여성캐주얼,88,navy,109
810,SH1006901,Shoote,70000,2020,SS,바지,38,여성캐주얼,66,grey,101
811,SH1006902,Shoote,70000,2020,SS,바지,38,여성캐주얼,66,black,102
812,SH1006903,Shoote,70000,2020,SS,바지,38,여성캐주얼,66,navy,103
813,SH1006904,Shoote,70000,2020,SS,바지,38,여성캐주얼,77,grey,104
814,SH1006905,Shoote,70000,2020,SS,바지,38,여성캐주얼,77,black,105
815,SH1006906,Shoote,70000,2020,SS,바지,38,여성캐주얼,77,navy,106
816,SH1006907,Shoote,70000,2020,SS,바지,38,여성캐주얼,88,grey,107
817,SH1006908,Shoote,70000,2020,SS,바지,38,여성캐주얼,88,black,108
818,SH1006909,Shoote,70000,2020,SS,바지,38,여성캐주얼,88,navy,109
819,SH1007001,Shoote,70000,2020,SS,바지,39,남성캐주얼,80,grey,101
820,SH1007002,Shoote,70000,2020,SS,바지,39,남성캐주얼,80,khaki,102
821,SH1007003,Shoote,70000,2020,SS,바지,39,남성캐주얼,80,navy,103
822,SH1007004,Shoote,70000,2020,SS,바지,39,남성캐주얼,90,grey,104
823,SH1007005,Shoote,70000,2020,SS,바지,39,남성캐주얼,90,khaki,105
824,SH1007006,Shoote,70000,2020,SS,바지,39,남성캐주얼,90,navy,106
825,SH1007101,Shoote,190000,2020,SS,재킷,117,남성캐주얼,85,grey,101
826,SH1007102,Shoote,190000,2020,SS,재킷,117,남성캐주얼,85,dark blue,102
827,SH1007103,Shoote,190000,2020,SS,재킷,117,남성캐주얼,90,grey,103
828,SH1007104,Shoote,190000,2020,SS,재킷,117,남성캐주얼,90,dark blue,104
829,SH1007201,Shoote,60000,2020,FW,바지,15,남성캐주얼,80,grey,101
830,SH1007202,Shoote,60000,2020,FW,바지,15,남성캐주얼,80,khaki,102
831,SH1007203,Shoote,60000,2020,FW,바지,15,남성캐주얼,80,navy,103
832,SH1007204,Shoote,60000,2020,FW,바지,15,남성캐주얼,90,grey,104
833,SH1007205,Shoote,60000,2020,FW,바지,15,남성캐주얼,90,khaki,105
834,SH1007206,Shoote,60000,2020,FW,바지,15,남성캐주얼,90,navy,106
835,SH1007301,Shoote,135000,2020,FW,재킷,101,남성캐주얼,85,grey,101
836,SH1007302,Shoote,135000,2020,FW,재킷,101,남성캐주얼,85,dark blue,102
837,SH1007303,Shoote,135000,2020,FW,재킷,101,남성캐주얼,90,grey,103
838,SH1007304,Shoote,135000,2020,FW,재킷,101,남성캐주얼,90,dark blue,104
839,SH1007401,Shoote,35000,2020,FW,바지,2,여성캐주얼,66,grey,101
840,SH1007402,Shoote,35000,2020,FW,바지,2,여성캐주얼,66,black,102
841,SH1007403,Shoote,35000,2020,FW,바지,2,여성캐주얼,66,navy,103
842,SH1007404,Shoote,35000,2020,FW,바지,2,여성캐주얼,77,grey,104
843,SH1007405,Shoote,35000,2020,FW,바지,2,여성캐주얼,77,black,105
844,SH1007406,Shoote,35000,2020,FW,바지,2,여성캐주얼,77,navy,106
845,SH1007407,Shoote,35000,2020,FW,바지,2,여성캐주얼,88,grey,107
846,SH1007408,Shoote,35000,2020,FW,바지,2,여성캐주얼,88,black,108
847,SH1007409,Shoote,35000,2020,FW,바지,2,여성캐주얼,88,navy,109
848,SH1007501,Shoote,70000,2020,FW,셔츠,40,여성캐주얼,90,white,101
849,SH1007502,Shoote,70000,2020,FW,셔츠,40,여성캐주얼,90,blue,102
850,SH1007503,Shoote,70000,2020,FW,셔츠,40,여성캐주얼,90,pink,103
851,SH1007504,Shoote,70000,2020,FW,셔츠,40,여성캐주얼,95,white,104
852,SH1007505,Shoote,70000,2020,FW,셔츠,40,여성캐주얼,95,blue,105
853,SH1007506,Shoote,70000,2020,FW,셔츠,40,여성캐주얼,95,pink,106
854,SH1007507,Shoote,70000,2020,FW,셔츠,40,여성캐주얼,100,white,107
855,SH1007508,Shoote,70000,2020,FW,셔츠,40,여성캐주얼,100,blue,108
856,SH1007509,Shoote,70000,2020,FW,셔츠,40,여성캐주얼,100,pink,109
857,SH1007601,Shoote,130000,2020,SS,바지,98,여성캐주얼,66,grey,101
858,SH1007602,Shoote,130000,2020,SS,바지,98,여성캐주얼,66,black,102
859,SH1007603,Shoote,130000,2020,SS,바지,98,여성캐주얼,66,navy,103
860,SH1007604,Shoote,130000,2020,SS,바지,98,여성캐주얼,77,grey,104
861,SH1007605,Shoote,130000,2020,SS,바지,98,여성캐주얼,77,black,105
862,SH1007606,Shoote,130000,2020,SS,바지,98,여성캐주얼,77,navy,106
863,SH1007607,Shoote,130000,2020,SS,바지,98,여성캐주얼,88,grey,107
864,SH1007608,Shoote,130000,2020,SS,바지,98,여성캐주얼,88,black,108
865,SH1007609,Shoote,130000,2020,SS,바지,98,여성캐주얼,88,navy,109
866,SH1007701,Shoote,70000,2020,FW,치마,29,여성캐주얼,66,grey,101
867,SH1007702,Shoote,70000,2020,FW,치마,29,여성캐주얼,66,black,102
868,SH1007703,Shoote,70000,2020,FW,치마,29,여성캐주얼,77,grey,103
869,SH1007704,Shoote,70000,2020,FW,치마,29,여성캐주얼,77,black,104
870,SH1007705,Shoote,70000,2020,FW,치마,29,여성캐주얼,88,grey,105
871,SH1007706,Shoote,70000,2020,FW,치마,29,여성캐주얼,88,black,106
872,SH1007801,Shoote,80000,2020,AS,셔츠,37,남성캐주얼,95,white,101
873,SH1007802,Shoote,80000,2020,AS,셔츠,37,남성캐주얼,95,blue,102
874,SH1007803,Shoote,80000,2020,AS,셔츠,37,남성캐주얼,95,check,103
875,SH1007804,Shoote,80000,2020,AS,셔츠,37,남성캐주얼,105,white,104
876,SH1007805,Shoote,80000,2020,AS,셔츠,37,남성캐주얼,105,blue,105
877,SH1007806,Shoote,80000,2020,AS,셔츠,37,남성캐주얼,105,check,106
878,SH1007901,Shoote,70000,2020,SS,치마,41,여성캐주얼,66,grey,101
879,SH1007902,Shoote,70000,2020,SS,치마,41,여성캐주얼,66,black,102
880,SH1007903,Shoote,70000,2020,SS,치마,41,여성캐주얼,77,grey,103
881,SH1007904,Shoote,70000,2020,SS,치마,41,여성캐주얼,77,black,104
882,SH1007905,Shoote,70000,2020,SS,치마,41,여성캐주얼,88,grey,105
883,SH1007906,Shoote,70000,2020,SS,치마,41,여성캐주얼,88,black,106
884,SH1008001,Shoote,60000,2020,AS,치마,21,여성캐주얼,66,grey,101
885,SH1008002,Shoote,60000,2020,AS,치마,21,여성캐주얼,66,black,102
886,SH1008003,Shoote,60000,2020,AS,치마,21,여성캐주얼,77,grey,103
887,SH1008004,Shoote,60000,2020,AS,치마,21,여성캐주얼,77,black,104
888,SH1008005,Shoote,60000,2020,AS,치마,21,여성캐주얼,88,grey,105
889,SH1008006,Shoote,60000,2020,AS,치마,21,여성캐주얼,88,black,106
890,SH1008101,Shoote,60000,2020,SS,셔츠,22,여성캐주얼,90,white,101
891,SH1008102,Shoote,60000,2020,SS,셔츠,22,여성캐주얼,90,blue,102
892,SH1008103,Shoote,60000,2020,SS,셔츠,22,여성캐주얼,90,pink,103
893,SH1008104,Shoote,60000,2020,SS,셔츠,22,여성캐주얼,95,white,104
894,SH1008105,Shoote,60000,2020,SS,셔츠,22,여성캐주얼,95,blue,105
895,SH1008106,Shoote,60000,2020,SS,셔츠,22,여성캐주얼,95,pink,106
896,SH1008107,Shoote,60000,2020,SS,셔츠,22,여성캐주얼,100,white,107
897,SH1008108,Shoote,60000,2020,SS,셔츠,22,여성캐주얼,100,blue,108
898,SH1008109,Shoote,60000,2020,SS,셔츠,22,여성캐주얼,100,pink,109
899,SH1008201,Shoote,60000,2020,FW,바지,24,여성캐주얼,66,grey,101
900,SH1008202,Shoote,60000,2020,FW,바지,24,여성캐주얼,66,black,102
901,SH1008203,Shoote,60000,2020,FW,바지,24,여성캐주얼,66,navy,103
902,SH1008204,Shoote,60000,2020,FW,바지,24,여성캐주얼,77,grey,104
903,SH1008205,Shoote,60000,2020,FW,바지,24,여성캐주얼,77,black,105
904,SH1008206,Shoote,60000,2020,FW,바지,24,여성캐주얼,77,navy,106
905,SH1008207,Shoote,60000,2020,FW,바지,24,여성캐주얼,88,grey,107
906,SH1008208,Shoote,60000,2020,FW,바지,24,여성캐주얼,88,black,108
907,SH1008209,Shoote,60000,2020,FW,바지,24,여성캐주얼,88,navy,109
908,SH1008301,Shoote,70000,2020,FW,바지,35,남성캐주얼,80,grey,101
909,SH1008302,Shoote,70000,2020,FW,바지,35,남성캐주얼,80,khaki,102
910,SH1008303,Shoote,70000,2020,FW,바지,35,남성캐주얼,80,navy,103
911,SH1008304,Shoote,70000,2020,FW,바지,35,남성캐주얼,90,grey,104
912,SH1008305,Shoote,70000,2020,FW,바지,35,남성캐주얼,90,khaki,105
913,SH1008306,Shoote,70000,2020,FW,바지,35,남성캐주얼,90,navy,106
914,SH1008401,Shoote,200000,2020,FW,코트,118,코트,90,black,101
915,SH1008402,Shoote,200000,2020,FW,코트,118,코트,90,navy,102
916,SH1008403,Shoote,200000,2020,FW,코트,118,코트,95,black,103
917,SH1008404,Shoote,200000,2020,FW,코트,118,코트,95,navy,104
918,SH1008501,Shoote,60000,2020,FW,바지,23,남성캐주얼,80,grey,101
919,SH1008502,Shoote,60000,2020,FW,바지,23,남성캐주얼,80,khaki,102
920,SH1008503,Shoote,60000,2020,FW,바지,23,남성캐주얼,80,navy,103
921,SH1008504,Shoote,60000,2020,FW,바지,23,남성캐주얼,90,grey,104
922,SH1008505,Shoote,60000,2020,FW,바지,23,남성캐주얼,90,khaki,105
923,SH1008506,Shoote,60000,2020,FW,바지,23,남성캐주얼,90,navy,106
924,SH1008601,Shoote,265000,2020,FW,코트,128,코트,90,black,101
925,SH1008602,Shoote,265000,2020,FW,코트,128,코트,90,navy,102
926,SH1008603,Shoote,265000,2020,FW,코트,128,코트,95,black,103
927,SH1008604,Shoote,265000,2020,FW,코트,128,코트,95,navy,104
928,SH1008701,Shoote,35000,2020,SS,바지,5,여성캐주얼,66,grey,101
929,SH1008702,Shoote,35000,2020,SS,바지,5,여성캐주얼,66,black,102
930,SH1008703,Shoote,35000,2020,SS,바지,5,여성캐주얼,66,navy,103
931,SH1008704,Shoote,35000,2020,SS,바지,5,여성캐주얼,77,grey,104
932,SH1008705,Shoote,35000,2020,SS,바지,5,여성캐주얼,77,black,105
933,SH1008706,Shoote,35000,2020,SS,바지,5,여성캐주얼,77,navy,106
934,SH1008707,Shoote,35000,2020,SS,바지,5,여성캐주얼,88,grey,107
935,SH1008708,Shoote,35000,2020,SS,바지,5,여성캐주얼,88,black,108
936,SH1008709,Shoote,35000,2020,SS,바지,5,여성캐주얼,88,navy,109
937,SH1008801,Shoote,35000,2020,FW,바지,8,여성캐주얼,66,grey,101
938,SH1008802,Shoote,35000,2020,FW,바지,8,여성캐주얼,66,black,102
939,SH1008803,Shoote,35000,2020,FW,바지,8,여성캐주얼,66,navy,103
940,SH1008804,Shoote,35000,2020,FW,바지,8,여성캐주얼,77,grey,104
941,SH1008805,Shoote,35000,2020,FW,바지,8,여성캐주얼,77,black,105
942,SH1008806,Shoote,35000,2020,FW,바지,8,여성캐주얼,77,navy,106
943,SH1008807,Shoote,35000,2020,FW,바지,8,여성캐주얼,88,grey,107
944,SH1008808,Shoote,35000,2020,FW,바지,8,여성캐주얼,88,black,108
945,SH1008809,Shoote,35000,2020,FW,바지,8,여성캐주얼,88,navy,109
946,SH1008901,Shoote,80000,2020,AS,셔츠,43,남성캐주얼,95,white,101
947,SH1008902,Shoote,80000,2020,AS,셔츠,43,남성캐주얼,95,blue,102
948,SH1008903,Shoote,80000,2020,AS,셔츠,43,남성캐주얼,95,check,103
949,SH1008904,Shoote,80000,2020,AS,셔츠,43,남성캐주얼,105,white,104
950,SH1008905,Shoote,80000,2020,AS,셔츠,43,남성캐주얼,105,blue,105
951,SH1008906,Shoote,80000,2020,AS,셔츠,43,남성캐주얼,105,check,106
952,SH1009001,Shoote,60000,2020,FW,치마,9,여성캐주얼,66,grey,101
953,SH1009002,Shoote,60000,2020,FW,치마,9,여성캐주얼,66,black,102
954,SH1009003,Shoote,60000,2020,FW,치마,9,여성캐주얼,77,grey,103
955,SH1009004,Shoote,60000,2020,FW,치마,9,여성캐주얼,77,black,104
956,SH1009005,Shoote,60000,2020,FW,치마,9,여성캐주얼,88,grey,105
957,SH1009006,Shoote,60000,2020,FW,치마,9,여성캐주얼,88,black,106
